/
/
/hakubo
/hakubo
/number24
/number24
/chihayafuru-3
/chihayafuru-3
/arp-backstage-pass
/arp-backstage-pass
/rikei-ga-koi-ni-ochita-no-de-shoumei-shitemita
/rikei-ga-koi-ni-ochita-no-de-shoumei-shitemita
/natsunagu
/natsunagu
/nekopara-tv
/nekopara-tv
/housekishou-richard-shi-no-nazo-kantei
/housekishou-richard-shi-no-nazo-kantei
/22-7
/22-7
/somali-va-linh-hon-cua-rung-xanh
/somali-va-linh-hon-cua-rung-xanh
/darwin-s-game-tro-choi-cua-darwin
/darwin-s-game-tro-choi-cua-darwin
/a3-season-spring-summer
/a3-season-spring-summer
/eizouken-ni-wa-te-wo-dasu-na
/eizouken-ni-wa-te-wo-dasu-na
/runway-de-waratte
/runway-de-waratte
/majutsushi-orphen-hagure-tabi
/majutsushi-orphen-hagure-tabi
/plunderer-di-tim-sat-tinh-vuong
/plunderer-di-tim-sat-tinh-vuong
/infinite-dendrogram-phieu-luu-den-the-gioi-ao-bat-tan
/infinite-dendrogram-phieu-luu-den-the-gioi-ao-bat-tan
/itai-no-wa-iya-nano-de-bougyoryoku-ni-kyokufuri-shitai-to-omoimasu
/itai-no-wa-iya-nano-de-bougyoryoku-ni-kyokufuri-shitai-to-omoimasu
/kyokou-suiri-bao-ve-nhan-gian-va-yeu-gioi
/kyokou-suiri-bao-ve-nhan-gian-va-yeu-gioi
/
/vua-bong-chuyen-haikyuu-phan-4-vuon-toi-dinh-cao
/vua-bong-chuyen-haikyuu-phan-4-vuon-toi-dinh-cao
/tieu-hanh-tinh-yeu-thuong
/tieu-hanh-tinh-yeu-thuong
/murenase-seton-gakuen-hoc-vien-seton
/murenase-seton-gakuen-hoc-vien-seton
/heya-camp
/heya-camp
/jibaku-shounen-hanako-kun
/jibaku-shounen-hanako-kun
/sanzoku-no-musume-ronja-con-gai-tuong-cuop
/sanzoku-no-musume-ronja-con-gai-tuong-cuop
/pupa
/pupa
/wake-up-girls-thuc-tinh-di-cac-co-gai
/wake-up-girls-thuc-tinh-di-cac-co-gai
/puchimas-petit-petit-idolmaster
/puchimas-petit-petit-idolmaster
/m3-sono-kuroki-hagane-song-sot-chon-hon-loan
/m3-sono-kuroki-hagane-song-sot-chon-hon-loan
/captain-earth-doi-truong-bao-ve-dia-cau
/captain-earth-doi-truong-bao-ve-dia-cau
/ai-tenchi-muyou-thay-giao-so-nho
/ai-tenchi-muyou-thay-giao-so-nho
/majimoji-rurumo-chang-trai-so-nho-va-co-nang-phu-thuy
/majimoji-rurumo-chang-trai-so-nho-va-co-nang-phu-thuy
/nha-gia-kim-cua-bau-troi-dusk
/nha-gia-kim-cua-bau-troi-dusk
/cung-dan-vang-kiniro-no-corda-blue-sky
/cung-dan-vang-kiniro-no-corda-blue-sky
/inugami-san-to-nekoyama-san-tro-choi-meo-von-chuot
/inugami-san-to-nekoyama-san-tro-choi-meo-von-chuot
/himegoto-nang-cong-chua-bi-mat
/himegoto-nang-cong-chua-bi-mat
/toaru-hikuushi-e-no-koiuta-ban-tinh-ca-cua-hoang-tu-phi-cong
/toaru-hikuushi-e-no-koiuta-ban-tinh-ca-cua-hoang-tu-phi-cong
/z-x-ignition-the-bai-tieu-diet-diem-den
/z-x-ignition-the-bai-tieu-diet-diem-den
/donten-ni-warau-cuoi-duoi-bau-troi-u-am
/donten-ni-warau-cuoi-duoi-bau-troi-u-am
/
/lady-jewelpet-quy-co-jewel
/lady-jewelpet-quy-co-jewel
/nourin-than-tuong-ve-vuon
/nourin-than-tuong-ve-vuon
/jinsei-hoi-tu-van-sinh-vien
/jinsei-hoi-tu-van-sinh-vien
/love-stage-giai-doan-tinh-yeu
/love-stage-giai-doan-tinh-yeu
/akame-ga-kill-sat-thu-akame
/akame-ga-kill-sat-thu-akame
/anh-hung-than-trong
/anh-hung-than-trong
/special-a-lop-hoc-uu-tu
/special-a-lop-hoc-uu-tu
/chien-binh-campione
/chien-binh-campione
/corpse-party-tortured-souls-bua-tiec-xac-chet
/corpse-party-tortured-souls-bua-tiec-xac-chet
/noir-thien-menh-qua-khu
/noir-thien-menh-qua-khu
/chobits-co-gai-tien-nu
/chobits-co-gai-tien-nu
/no-game-no-life-huyen-thoai-game-thu
/no-game-no-life-huyen-thoai-game-thu
/psycho-pass-3
/psycho-pass-3
/ketsuekigata-kun-cac-nhom-mau
/ketsuekigata-kun-cac-nhom-mau
/soredemo-sekai-wa-utsukushii-the-gioi-van-tuoi-dep
/soredemo-sekai-wa-utsukushii-the-gioi-van-tuoi-dep
/seireitsukai-no-blade-dance-dieu-uoc-cho-nhau
/seireitsukai-no-blade-dance-dieu-uoc-cho-nhau
/choboraunyopomi-gekijou-ai-mai-mii-cau-lac-bo-manga
/choboraunyopomi-gekijou-ai-mai-mii-cau-lac-bo-manga
/miss-monochrome-the-animation-quy-co-don-sac
/miss-monochrome-the-animation-quy-co-don-sac
/samurai-flamenco-su-gia-samumenco
/samurai-flamenco-su-gia-samumenco
/mangirl-co-nang-dang-yeu
/mangirl-co-nang-dang-yeu
/
/astro-boy-tetsuwan-atom-cau-be-astro
/astro-boy-tetsuwan-atom-cau-be-astro
/sounan-desu-ka-nu-sinh-tren-dao-hoang
/sounan-desu-ka-nu-sinh-tren-dao-hoang
/yuyushiki-clb-xu-ly-du-lieu
/yuyushiki-clb-xu-ly-du-lieu
/aiura-nhung-co-nu-sinh-phien-phuc
/aiura-nhung-co-nu-sinh-phien-phuc
/pupipo-con-roi
/pupipo-con-roi
/kyousou-giga-mo-hinh-thu-nho-cua-tokyo
/kyousou-giga-mo-hinh-thu-nho-cua-tokyo
/vividred-operation
/vividred-operation
/namiuchigiwa-no-muromi-san-nang-tien-ca-muromi
/namiuchigiwa-no-muromi-san-nang-tien-ca-muromi
/fantasista-doll-bup-be-fantasista
/fantasista-doll-bup-be-fantasista
/battle-spirits-linh-hon-chien-dau
/battle-spirits-linh-hon-chien-dau
/aku-no-hana-bong-hoa-cua-ac-ma
/aku-no-hana-bong-hoa-cua-ac-ma
/zettai-bouei-leviathan-la-chan-kien-co
/zettai-bouei-leviathan-la-chan-kien-co
/sasami-san-ganbaranai-khong-co-dong-luc
/sasami-san-ganbaranai-khong-co-dong-luc
/z-x-code-reunion-to-doi-xoa-diem-den
/z-x-code-reunion-to-doi-xoa-diem-den
/kabukichou-sherlock-ho-so-vu-an-so-21
/kabukichou-sherlock-ho-so-vu-an-so-21
/rifle-is-beautiful-nhung-co-nang-cu-phach
/rifle-is-beautiful-nhung-co-nang-cu-phach
/hoc-vien-anh-hung-4
/hoc-vien-anh-hung-4
/that-hinh-dai-toi-phan-3
/that-hinh-dai-toi-phan-3
/co-nang-mot-sach
/co-nang-mot-sach
/hoshiai-no-sora-bau-troi-day-sao
/hoshiai-no-sora-bau-troi-day-sao
/
/no-guns-life-cuoc-song-khong-co-sung
/no-guns-life-cuoc-song-khong-co-sung
/bananya-nhung-be-meo-lai-chuoi
/bananya-nhung-be-meo-lai-chuoi
/kotoura-san-cuoc-doi-day-rac-roi-cua-kotoura
/kotoura-san-cuoc-doi-day-rac-roi-cua-kotoura
/dansai-bunri-no-crime-edge-tro-choi-dinh-menh
/dansai-bunri-no-crime-edge-tro-choi-dinh-menh
/gatchaman-crowds-nhung-chien-binh-gatchaman
/gatchaman-crowds-nhung-chien-binh-gatchaman
/karneval
/karneval
/oneechan-ga-kita-chi-dai-gia-lam
/oneechan-ga-kita-chi-dai-gia-lam
/beastars-quai-thu
/beastars-quai-thu
/babylon
/babylon
/assassins-pride-niem-tu-hao-cua-sat-thu
/assassins-pride-niem-tu-hao-cua-sat-thu
/nhung-co-nang-bup-be
/nhung-co-nang-bup-be
/mairimashita-iruma-kun-chao-mung-cau-den-truong-iruma-kun
/mairimashita-iruma-kun-chao-mung-cau-den-truong-iruma-kun
/watashi-nouryoku-wa-heikinchi-de-tte-itta-yo-ne
/watashi-nouryoku-wa-heikinchi-de-tte-itta-yo-ne
/kingdom-vuong-gia-thien-ha
/kingdom-vuong-gia-thien-ha
/fate-grand-order-zettai-majuu-sensen-babylonia
/fate-grand-order-zettai-majuu-sensen-babylonia
/wei-kanjian-erduo-la-nay-to-co-the-nhin-thay-tai-cau-do
/wei-kanjian-erduo-la-nay-to-co-the-nhin-thay-tai-cau-do
/sekai-seifuku-bouryaku-no-zvezda-chinh-phuc-the-gioi-zvezda
/sekai-seifuku-bouryaku-no-zvezda-chinh-phuc-the-gioi-zvezda
/soniani-super-sonico-the-animation
/soniani-super-sonico-the-animation
/aoki-hagane-no-arpeggio-ars-nova
/aoki-hagane-no-arpeggio-ars-nova
/hifuu-katsudou-kiroku-the-sealed-esoteric-history
/hifuu-katsudou-kiroku-the-sealed-esoteric-history
/
/chuubyou-gekihatsu-boy-nhung-chang-trai-tuoi-day-thi
/chuubyou-gekihatsu-boy-nhung-chang-trai-tuoi-day-thi
/null-peta-em-gai-hoi-sinh-chi-gai-robot
/null-peta-em-gai-hoi-sinh-chi-gai-robot
/hentai-ouji-to-warawanai-neko-hoang-tu-bien-thai-va-nang-meo
/hentai-ouji-to-warawanai-neko-hoang-tu-bien-thai-va-nang-meo
/yahari-ore-no-seishun-love-comedy-wa-machigatteiru
/yahari-ore-no-seishun-love-comedy-wa-machigatteiru
/azur-lane-nu-quan-doi-azur-lane
/azur-lane-nu-quan-doi-azur-lane
/choujin-koukousei-tachi-wa-isekai-demo-yoyuu-de-ikinuku-you-desu
/choujin-koukousei-tachi-wa-isekai-demo-yoyuu-de-ikinuku-you-desu
/ore-wo-suki-nano-wa-omae-dake-ka-yo
/ore-wo-suki-nano-wa-omae-dake-ka-yo
/houkago-saikoro-club-cau-lac-bo-board-game
/houkago-saikoro-club-cau-lac-bo-board-game
/urashimasakatasen-no-nichijou-cuoc-song-hang-ngay-cua-cac-chang-trai
/urashimasakatasen-no-nichijou-cuoc-song-hang-ngay-cua-cac-chang-trai
/ahiru-no-sora-clb-bong-ro-kuzuryuu
/ahiru-no-sora-clb-bong-ro-kuzuryuu
/hidamari-sketch
/hidamari-sketch
/minami-kamakura-koukou-joshi-jitenshabu-clb-xe-dap-nu-sinh-minami-kamakura
/minami-kamakura-koukou-joshi-jitenshabu-clb-xe-dap-nu-sinh-minami-kamakura
/yurumates-3d-and-plus
/yurumates-3d-and-plus
/nekogami-yaoyorozu-cau-chuyen-hang-ngay-cua-than-meo
/nekogami-yaoyorozu-cau-chuyen-hang-ngay-cua-than-meo
/wooser-no-sono-higurashi-cuoc-song-bang-tay-va-mieng-cua-wooser
/wooser-no-sono-higurashi-cuoc-song-bang-tay-va-mieng-cua-wooser
/mahou-shoujo-site-trang-web-ma-thuat-dam-mau
/mahou-shoujo-site-trang-web-ma-thuat-dam-mau
/kazemakase-tsukikage-ran-mac-gio-cuon-di
/kazemakase-tsukikage-ran-mac-gio-cuon-di
/chou-mashin-eiyuuden-wataru-kiem-than-ti-hon
/chou-mashin-eiyuuden-wataru-kiem-than-ti-hon
/noein-mou-hitori-no-kimi-e-gui-den-cai-toi-khac-cua-ban
/noein-mou-hitori-no-kimi-e-gui-den-cai-toi-khac-cua-ban
/furusato-saisei-nippon-no-mukashibanashi-truyen-co-tich-tu-nhat-ban
/furusato-saisei-nippon-no-mukashibanashi-truyen-co-tich-tu-nhat-ban
/
/kaidan-restaurant-nha-hang-kinh-hoang
/kaidan-restaurant-nha-hang-kinh-hoang
/asatte-no-houkou-song-cho-tuong-lai
/asatte-no-houkou-song-cho-tuong-lai
/akachan-to-boku
/akachan-to-boku
/chitose-get-you-chuyen-tinh-cua-chitose
/chitose-get-you-chuyen-tinh-cua-chitose
/zettai-shounen-lac-vao-ky-uc
/zettai-shounen-lac-vao-ky-uc
/haitai-nanafa
/haitai-nanafa
/tenshi-na-konamaiki-thien-than-tao-bao
/tenshi-na-konamaiki-thien-than-tao-bao
/sky-girls-tieu-doi-nu-chien-binh-tren-khong
/sky-girls-tieu-doi-nu-chien-binh-tren-khong
/stella-jogakuin-koutou-ka-c3-bu-bd-truong-trung-hoc-nu-stella-lop-c3
/stella-jogakuin-koutou-ka-c3-bu-bd-truong-trung-hoc-nu-stella-lop-c3
/sakura-trick-hoa-anh-dao-tinh-nghich
/sakura-trick-hoa-anh-dao-tinh-nghich
/tsukuyomi-moon-phase-thieu-nu-ben-anh-trang
/tsukuyomi-moon-phase-thieu-nu-ben-anh-trang
/chousoku-henkei-gyrozetter-robot-bien-hinh-gyrozetter
/chousoku-henkei-gyrozetter-robot-bien-hinh-gyrozetter
/yuugo-koushounin-ke-thuong-thuyet
/yuugo-koushounin-ke-thuong-thuyet
/kashimashi-girl-meets-girl
/kashimashi-girl-meets-girl
/kobato-nhung-vien-keo-hanh-phuc
/kobato-nhung-vien-keo-hanh-phuc
/natsu-iro-kiseki-mua-he-phep-mau
/natsu-iro-kiseki-mua-he-phep-mau
/getbackers-nguoi-thu-hoi
/getbackers-nguoi-thu-hoi
/senkaiden-houshin-engi-phong-than-ki
/senkaiden-houshin-engi-phong-than-ki
/kanon-luan-khuc
/kanon-luan-khuc
/kiba
/kiba
/
/gravitation-chuyen-tinh-chang-ca-si-va-anh-nha-van
/gravitation-chuyen-tinh-chang-ca-si-va-anh-nha-van
/sora-wo-miageru-shoujo-no-hitomi-ni-utsuru-sekai
/sora-wo-miageru-shoujo-no-hitomi-ni-utsuru-sekai
/shining-hearts-shiawase-no-pan-tiem-banh-hanh-phuc
/shining-hearts-shiawase-no-pan-tiem-banh-hanh-phuc
/ikoku-meiro-no-croisee-cuoc-song-o-nuoc-ngoai
/ikoku-meiro-no-croisee-cuoc-song-o-nuoc-ngoai
/hanbun-no-tsuki-ga-noboru-sora-nguoc-nhin-nua-vang-trang
/hanbun-no-tsuki-ga-noboru-sora-nguoc-nhin-nua-vang-trang
/ragnarok-the-animation
/ragnarok-the-animation
/code-lyoko-mat-ma-lyoko
/code-lyoko-mat-ma-lyoko
/mutsu-enmei-ryuu-gaiden-shura-no-toki-truyen-nhan-atula
/mutsu-enmei-ryuu-gaiden-shura-no-toki-truyen-nhan-atula
/ookami-kakushi-than-an-chi-lang
/ookami-kakushi-than-an-chi-lang
/ryuusei-no-rockman-chien-binh-rockman
/ryuusei-no-rockman-chien-binh-rockman
/hack-roots
/hack-roots
/gyakkyou-burai-kaiji-kaiji-nguoi-song-sot-cuoi-cung
/gyakkyou-burai-kaiji-kaiji-nguoi-song-sot-cuoi-cung
/genei-wo-kakeru-taiyou-suc-manh-cua-la-bai-tarot
/genei-wo-kakeru-taiyou-suc-manh-cua-la-bai-tarot
/lucky-star-ngoi-sao-may-man
/lucky-star-ngoi-sao-may-man
/pretty-rhythm-dieu-nhay-loi-cuon
/pretty-rhythm-dieu-nhay-loi-cuon
/spiral-suiri-no-kizuna-tham-tu-ky-tai
/spiral-suiri-no-kizuna-tham-tu-ky-tai
/shijou-saikyou-no-deshi-kenichi-vo-sinh-manh-nhat-kenichi
/shijou-saikyou-no-deshi-kenichi-vo-sinh-manh-nhat-kenichi
/shinryaku-ika-musume-co-gai-muc-den-tu-day-bien
/shinryaku-ika-musume-co-gai-muc-den-tu-day-bien
/tengen-toppa-gurren-lagann-kham-pha-the-gioi
/tengen-toppa-gurren-lagann-kham-pha-the-gioi
/erementar-gerad-cuoc-phieu-luu-cua-cuop-bien
/erementar-gerad-cuoc-phieu-luu-cua-cuop-bien
/
/akb0048-nhom-nhac-thien-ha-lich-akb48
/akb0048-nhom-nhac-thien-ha-lich-akb48
/bakugan-battle-brawlers-chien-binh-bakugan
/bakugan-battle-brawlers-chien-binh-bakugan
/hatsukoi-limited-tinh-yeu-tuoi-hoc-tro
/hatsukoi-limited-tinh-yeu-tuoi-hoc-tro
/rinne-no-lagrange-canh-hoa-trong-tim-rinne
/rinne-no-lagrange-canh-hoa-trong-tim-rinne
/danna-ga-nani-wo-itteiru-ka-wakaranai-ken-toi-khong-hieu-chong-toi-noi-gi
/danna-ga-nani-wo-itteiru-ka-wakaranai-ken-toi-khong-hieu-chong-toi-noi-gi
/dantalian-no-shoka-thu-vien-ma-thuat
/dantalian-no-shoka-thu-vien-ma-thuat
/phi-brain-kami-no-puzzle-cau-do-cua-than-linh
/phi-brain-kami-no-puzzle-cau-do-cua-than-linh
/shinrei-tantei-yakumo-tham-tu-tam-linh-yakumo
/shinrei-tantei-yakumo-tham-tu-tam-linh-yakumo
/umineko-no-naku-koro-ni-khi-hai-au-khoc
/umineko-no-naku-koro-ni-khi-hai-au-khoc
/ueki-no-housoku-luat-cua-ueki
/ueki-no-housoku-luat-cua-ueki
/watashi-ga-motenai-no-wa-dou-kangaetemo-omaera-ga-warui-co-nang-otaku-vung-ve
/watashi-ga-motenai-no-wa-dou-kangaetemo-omaera-ga-warui-co-nang-otaku-vung-ve
/kirarin-revolution-cuoc-cach-mang-kirarin
/kirarin-revolution-cuoc-cach-mang-kirarin
/samurai-deeper-kyo-kiem-khach-samurai-kyo
/samurai-deeper-kyo-kiem-khach-samurai-kyo
/bem-bo-ba-nguoi-va-yeu
/bem-bo-ba-nguoi-va-yeu
/namu-amida-butsu-rendai-utena-cuoc-chien-giua-ma-vuong-va-phat-giao
/namu-amida-butsu-rendai-utena-cuoc-chien-giua-ma-vuong-va-phat-giao
/sengoku-collection-the-gioi-samurai-song-song
/sengoku-collection-the-gioi-samurai-song-song
/peace-maker-kurogane-hao-khi-ngat-troi
/peace-maker-kurogane-hao-khi-ngat-troi
/groove-adventure-rave-thanh-kiem-bien-hinh
/groove-adventure-rave-thanh-kiem-bien-hinh
/yozakura-quartet-bo-tu-yozakura
/yozakura-quartet-bo-tu-yozakura
/tayutama-kiss-on-my-deity-hon-len-nu-than-cua-toi
/tayutama-kiss-on-my-deity-hon-len-nu-than-cua-toi
/
/machikado-mazoku-nang-quy-chuyen-an-hanh
/machikado-mazoku-nang-quy-chuyen-an-hanh
/tsuujou-kougeki-ga-zentai-kougeki-choi-game-cung-me
/tsuujou-kougeki-ga-zentai-kougeki-choi-game-cung-me
/given-khoi-day-dam-me
/given-khoi-day-dam-me
/kochouki-wakaki-nobunaga-thoi-nien-thieu-lanh-chua-nobunaga
/kochouki-wakaki-nobunaga-thoi-nien-thieu-lanh-chua-nobunaga
/isekai-cheat-magician-tro-thanh-phap-su-o-the-gioi-moi
/isekai-cheat-magician-tro-thanh-phap-su-o-the-gioi-moi
/uragiri-wa-boku-no-namae-wo-shitteiru-ke-phan-boi
/uragiri-wa-boku-no-namae-wo-shitteiru-ke-phan-boi
/joshikousei-no-mudazukai-nhung-ngay-lang-phi-cua-nu-sinh-trung-hoc
/joshikousei-no-mudazukai-nhung-ngay-lang-phi-cua-nu-sinh-trung-hoc
/arifureta-shokugyou-de-sekai-saikyou-tu-tam-thuong-den-phi-thuong
/arifureta-shokugyou-de-sekai-saikyou-tu-tam-thuong-den-phi-thuong
/ensemble-stars-dao-tao-than-tuong
/ensemble-stars-dao-tao-than-tuong
/yami-shibai-7-am-kich-7
/yami-shibai-7-am-kich-7
/vinland-saga-ban-anh-hung-ca
/vinland-saga-ban-anh-hung-ca
/re-stage-dream-days-uoc-mo-lam-idol-tuoi-hoc-tro
/re-stage-dream-days-uoc-mo-lam-idol-tuoi-hoc-tro
/lord-el-melloi-ii-sei-no-jikenbo-rail-zeppelin-grace-note-ho-so-vu-an
/lord-el-melloi-ii-sei-no-jikenbo-rail-zeppelin-grace-note-ho-so-vu-an
/senki-zesshou-symphogear-ban-giao-huong-senki-zesshou
/senki-zesshou-symphogear-ban-giao-huong-senki-zesshou
/granbelm-the-gioi-khong-phep-thuat
/granbelm-the-gioi-khong-phep-thuat
/maou-sama-retry-ma-vuong-khet-tieng
/maou-sama-retry-ma-vuong-khet-tieng
/enen-no-shouboutai-biet-doi-linh-cuu-hoa
/enen-no-shouboutai-biet-doi-linh-cuu-hoa
/kanata-no-astra-astra-mat-tich-ngoai-khong-gian
/kanata-no-astra-astra-mat-tich-ngoai-khong-gian
/uchi-no-ko-no-tame-naraba-vi-con-gai-toi-co-the-danh-bai-ca-ma-vuong
/uchi-no-ko-no-tame-naraba-vi-con-gai-toi-co-the-danh-bai-ca-ma-vuong
/kyoukaisenjou-no-horizon-horizon-o-giua-coi-hu-khong
/kyoukaisenjou-no-horizon-horizon-o-giua-coi-hu-khong
/
/phantom-requiem-for-the-phantom-sat-thu-phantom
/phantom-requiem-for-the-phantom-sat-thu-phantom
/katsute-kami-datta-kemono-tachi-e
/katsute-kami-datta-kemono-tachi-e
/carnival-phantasm-le-hoi-hoa-trang
/carnival-phantasm-le-hoi-hoa-trang
/king-of-prism-shiny-seven-stars-bay-ngoi-sao-sang
/king-of-prism-shiny-seven-stars-bay-ngoi-sao-sang
/sket-dance-cau-lac-bo-van-nang
/sket-dance-cau-lac-bo-van-nang
/shakugan-no-shana
/shakugan-no-shana
/chrome-shelled-regios-thanh-pho-di-dong-regios
/chrome-shelled-regios-thanh-pho-di-dong-regios
/mashiro-iro-symphony-ban-giao-huong-mashiroiro
/mashiro-iro-symphony-ban-giao-huong-mashiroiro
/rainbow-nisha-rokubou-no-shichinin-sac-mau-hy-vong
/rainbow-nisha-rokubou-no-shichinin-sac-mau-hy-vong
/star-driver-kagayaki-no-takuto-hon-dao-uoc-mo
/star-driver-kagayaki-no-takuto-hon-dao-uoc-mo
/mitsudomoe-thay-giao-va-nu-sinh-tinh-nghich
/mitsudomoe-thay-giao-va-nu-sinh-tinh-nghich
/hetalia-the-gioi-hetalia
/hetalia-the-gioi-hetalia
/togainu-no-chi-mau-cua-togainu
/togainu-no-chi-mau-cua-togainu
/fortune-arterial-akai-yakusoku-van-may-loi-hua-do
/fortune-arterial-akai-yakusoku-van-may-loi-hua-do
/tenchi-muyou-gxp-dang-toan-nang
/tenchi-muyou-gxp-dang-toan-nang
/uchuu-kyoudai-anh-em-phi-hanh-gia
/uchuu-kyoudai-anh-em-phi-hanh-gia
/kaibutsu-oujo-cong-chua-phuc-sinh
/kaibutsu-oujo-cong-chua-phuc-sinh
/kaze-no-stigma-ngu-thuat-su
/kaze-no-stigma-ngu-thuat-su
/arakawa-under-the-bridge-cuoc-song-duoi-cau
/arakawa-under-the-bridge-cuoc-song-duoi-cau
/tantei-opera-milky-holmes-hoc-vien-tham-tu-holmes
/tantei-opera-milky-holmes-hoc-vien-tham-tu-holmes
/
/hanamaru-youchien-chinh-phuc-thay-giao
/hanamaru-youchien-chinh-phuc-thay-giao
/touhou-gensou-mangekyou-dong-phuong-huyen-tuong
/touhou-gensou-mangekyou-dong-phuong-huyen-tuong
/happy-sugar-life-cuoc-song-hanh-phuc-ngot-ngao
/happy-sugar-life-cuoc-song-hanh-phuc-ngot-ngao
/hina-logi-from-luck-and-logic-cac-co-gai-o-hoc-vien-alca
/hina-logi-from-luck-and-logic-cac-co-gai-o-hoc-vien-alca
/monster-ga-quai-vat
/monster-ga-quai-vat
/danball-senki-dau-si-lbx
/danball-senki-dau-si-lbx
/danball-senki-wars-tran-chien-mo-phong
/danball-senki-wars-tran-chien-mo-phong
/mobile-suit-gundam-unicorn-re-0096
/mobile-suit-gundam-unicorn-re-0096
/capeta-tay-dua-xe-kart
/capeta-tay-dua-xe-kart
/youjo-senki-co-be-quan-su
/youjo-senki-co-be-quan-su
/giant-killing-huan-luyen-vien-tai-ba
/giant-killing-huan-luyen-vien-tai-ba
/dear-boys-doi-bong-ro-thieu-nien
/dear-boys-doi-bong-ro-thieu-nien
/arcana-famiglia-gia-dinh-arcana
/arcana-famiglia-gia-dinh-arcana
/mix-tuyen-thu-bong-chay
/mix-tuyen-thu-bong-chay
/druaga-no-tou-tran-chien-o-thap-druaga
/druaga-no-tou-tran-chien-o-thap-druaga
/blade-and-soul
/blade-and-soul
/tales-of-the-abyss-truyen-thuyet-thanh-hoa-quang
/tales-of-the-abyss-truyen-thuyet-thanh-hoa-quang
/brave-10-thap-dai-anh-hung
/brave-10-thap-dai-anh-hung
/dog-days-nguoi-hung-bat-dac-di
/dog-days-nguoi-hung-bat-dac-di
/mobile-suit-gundam-age
/mobile-suit-gundam-age
/
/hakushaku-to-yousei-ba-tuoc-va-tien-nu
/hakushaku-to-yousei-ba-tuoc-va-tien-nu
/moshidora-nu-sinh-quan-ly-doi-bong-chay
/moshidora-nu-sinh-quan-ly-doi-bong-chay
/fairy-gone-co-tich-bi-lang-quen
/fairy-gone-co-tich-bi-lang-quen
/joshikausei-khong-loi-nu-sinh-trung-hoc
/joshikausei-khong-loi-nu-sinh-trung-hoc
/carole-and-tuesday-khuc-ca-tren-sao-hoa
/carole-and-tuesday-khuc-ca-tren-sao-hoa
/mobile-suit-gundam-wing
/mobile-suit-gundam-wing
/ba-tuoc-monte-cristo-gankutsuou-the-count-of-monte-cristo
/ba-tuoc-monte-cristo-gankutsuou-the-count-of-monte-cristo
/moi-cau-tinh-ban-tsuritama
/moi-cau-tinh-ban-tsuritama
/ong-hoang-tennis-baby-steps
/ong-hoang-tennis-baby-steps
/kiem-dao-bamboo-blade
/kiem-dao-bamboo-blade
/mobile-suit-gundam-seed
/mobile-suit-gundam-seed
/lan-gio-moi-cua-kaleido-star-kaleido-star
/lan-gio-moi-cua-kaleido-star-kaleido-star
/huyen-thoai-arata-arata-kangatari
/huyen-thoai-arata-arata-kangatari
/sieu-trom-d-n-angel
/sieu-trom-d-n-angel
/soul-eater-not
/soul-eater-not
/giot-nuoc-mat-than-bi-tears-to-tiara
/giot-nuoc-mat-than-bi-tears-to-tiara
/chay-tron-dinh-menh-scrapped-princess
/chay-tron-dinh-menh-scrapped-princess
/vampire-knight-ve-si-ma-ca-rong
/vampire-knight-ve-si-ma-ca-rong
/thoi-dai-anh-hung-heroic-age
/thoi-dai-anh-hung-heroic-age
/song-cung-nang-cao-than-sewayaki-kitsune-no-senko-san
/song-cung-nang-cao-than-sewayaki-kitsune-no-senko-san
/
/major-giai-dau-bong-chay
/major-giai-dau-bong-chay
/hai-tac-khong-gian-mouretsu-pirates
/hai-tac-khong-gian-mouretsu-pirates
/o-1-the-gioi-khac-isekai-quartet
/o-1-the-gioi-khac-isekai-quartet
/hachigatsu-no-cinderella-nine-nu-sinh-bong-chay
/hachigatsu-no-cinderella-nine-nu-sinh-bong-chay
/hoa-giai-loi-nguyen-kappa-sarazanmai
/hoa-giai-loi-nguyen-kappa-sarazanmai
/dac-nhiem-tham-tu-phan-3-bungou-stray-dogs-3
/dac-nhiem-tham-tu-phan-3-bungou-stray-dogs-3
/con-duong-tro-thanh-phap-su-dai-tai-kenja-no-mago
/con-duong-tro-thanh-phap-su-dai-tai-kenja-no-mago
/chien-ham-co-dong-kidou-senkan-nadesico
/chien-ham-co-dong-kidou-senkan-nadesico
/khat-vong-trai-tim-tien-dao-hoang-da-hungry-heart-wild-striker
/khat-vong-trai-tim-tien-dao-hoang-da-hungry-heart-wild-striker
/hakuouki-bac-anh-quy
/hakuouki-bac-anh-quy
/bakuman-giac-mo-hoa-si-truyen-tranh
/bakuman-giac-mo-hoa-si-truyen-tranh
/tham-tu-meo-den-black-cat
/tham-tu-meo-den-black-cat
/kenpuu-denki-berserk-kiem-si-den
/kenpuu-denki-berserk-kiem-si-den
/minh-muon-ket-ban-hitoribocchi-no-marumaru-seikatsu
/minh-muon-ket-ban-hitoribocchi-no-marumaru-seikatsu
/am-muu-dang-sau-thi-tran-hoang-tan-shoumetsu-toshi
/am-muu-dang-sau-thi-tran-hoang-tan-shoumetsu-toshi
/gunjou-no-magmel-kham-pha-tan-luc-dia
/gunjou-no-magmel-kham-pha-tan-luc-dia
/strike-witches-501-butai-hasshin-shimasu-to-doi-501-xin-duoc-phep-xuat-kich
/strike-witches-501-butai-hasshin-shimasu-to-doi-501-xin-duoc-phep-xuat-kich
/truyen-nhan-am-duong-su-mayonaka-no-occult-koumuin
/truyen-nhan-am-duong-su-mayonaka-no-occult-koumuin
/ma-vuong-de-thuong-kyou-kara-maou
/ma-vuong-de-thuong-kyou-kara-maou
/mat-trang-dem-mua-amatsuki
/mat-trang-dem-mua-amatsuki
/
/hoang-tu-ma-gioi-makai-ouji-devils-and-realist
/hoang-tu-ma-gioi-makai-ouji-devils-and-realist
/koukyoushihen-eureka-seven-cau-be-renton
/koukyoushihen-eureka-seven-cau-be-renton
/co-nang-lam-tho-senryuu-shoujo
/co-nang-lam-tho-senryuu-shoujo
/kimetsu-no-yaiba-diet-quy-cuu-nhan
/kimetsu-no-yaiba-diet-quy-cuu-nhan
/kono-oto-tomare-tuoi-thanh-xuan-ben-cay-dan-koto
/kono-oto-tomare-tuoi-thanh-xuan-ben-cay-dan-koto
/co-gai-den-tu-khong-gian-khac-kono-yo-no-hate-de-koi-wo-utau-shoujo-yu-no
/co-gai-den-tu-khong-gian-khac-kono-yo-no-hate-de-koi-wo-utau-shoujo-yu-no
/chung-toi-khong-bao-gio-hoc-bokutachi-wa-benkyou-ga-dekinai
/chung-toi-khong-bao-gio-hoc-bokutachi-wa-benkyou-ga-dekinai
/thieu-nien-am-duong-su-shounen-onmyouji
/thieu-nien-am-duong-su-shounen-onmyouji
/kemono-no-souja-erin-quai-vuong-than-ngu
/kemono-no-souja-erin-quai-vuong-than-ngu
/hakkenden-touhou-hakken-ibun-thanh-kiem-linh-hon
/hakkenden-touhou-hakken-ibun-thanh-kiem-linh-hon
/quy-vuong-maoyu-maou-yuusha
/quy-vuong-maoyu-maou-yuusha
/san-co-uoc-mo-ginga-e-kickoff
/san-co-uoc-mo-ginga-e-kickoff
/yowamushi-pedal-tay-dua-sieu-dang
/yowamushi-pedal-tay-dua-sieu-dang
/di-the-ma-vuong-isekai-maou-to-shoukan-shoujo-no-dorei-majutsu
/di-the-ma-vuong-isekai-maou-to-shoukan-shoujo-no-dorei-majutsu
/ichigo-100
/ichigo-100
/starmyu-hoc-vien-am-nhac
/starmyu-hoc-vien-am-nhac
/vua-dau-bep-shokugeki-no-souma
/vua-dau-bep-shokugeki-no-souma
/nguoi-dao-tao-sat-thu
/nguoi-dao-tao-sat-thu
/ky-si-trong-vong-cam-area-no-kishi
/ky-si-trong-vong-cam-area-no-kishi
/thien-than-loli-watashi-ni-tenshi-ga-maiorita
/thien-than-loli-watashi-ni-tenshi-ga-maiorita
/
/phi-doi-kotobuki-kouya-no-kotobuki-hikoutai
/phi-doi-kotobuki-kouya-no-kotobuki-hikoutai
/tinh-yeu-muon-mau
/tinh-yeu-muon-mau
/vua-cua-nabari
/vua-cua-nabari
/dau-vet
/dau-vet
/tho-san-linh-hon
/tho-san-linh-hon
/danh-sach-yeu-quai
/danh-sach-yeu-quai
/tran-chien-e-sport
/tran-chien-e-sport
/con-gai-cua-bau-troi
/con-gai-cua-bau-troi
/tro-dua-cua-than-linh
/tro-dua-cua-than-linh
/nuoc-mat-chan-tinh
/nuoc-mat-chan-tinh
/cuoc-chien-to-tinh
/cuoc-chien-to-tinh
/phep-thuat-nhiem-mau
/phep-thuat-nhiem-mau
/nhat-khoa-nhat-luyen
/nhat-khoa-nhat-luyen
/cau-be-dj
/cau-be-dj
/ma-phap-thieu-nu-dac-chien-asuka
/ma-phap-thieu-nu-dac-chien-asuka
/nha-co-nam-nang-dau
/nha-co-nam-nang-dau
/thien-tai-lan-dan-tinh-duyen
/thien-tai-lan-dan-tinh-duyen
/song-chung-voi-quang-thuong
/song-chung-voi-quang-thuong
/cuoc-hen-song-con-3
/cuoc-hen-song-con-3
/nhung-dua-tre-cua-loi-tien-tri
/nhung-dua-tre-cua-loi-tien-tri
/
/mien-dat-hua
/mien-dat-hua
/gia-tri-cua-nu-cuoi
/gia-tri-cua-nu-cuoi
/grimms-notes-the-animation-quyen-so-so-menh
/grimms-notes-the-animation-quyen-so-so-menh
/dinh-nghia-cuoi-la-gi
/dinh-nghia-cuoi-la-gi
/lac-vao-yeu-linh-gioi-phan-2
/lac-vao-yeu-linh-gioi-phan-2
/dororo-di-tim-48-phan-co-the
/dororo-di-tim-48-phan-co-the
/nhom-nhac-cua-nhung-uoc-mo
/nhom-nhac-cua-nhung-uoc-mo
/hy-vong-cuoi-cung
/hy-vong-cuoi-cung
/cau-be-sieu-nang-luc-phan-2
/cau-be-sieu-nang-luc-phan-2
/thay-doi-the-gioi
/thay-doi-the-gioi
/nguoi-ban-bi-an
/nguoi-ban-bi-an
/su-bien-mat-cua-nagato-yuki-chan
/su-bien-mat-cua-nagato-yuki-chan
/tate-no-yuusha-no-nariagari-su-troi-day-cua-khien-anh-hung
/tate-no-yuusha-no-nariagari-su-troi-day-cua-khien-anh-hung
/chuyen-tinh-cap-song-sinh-phan-2
/chuyen-tinh-cap-song-sinh-phan-2
/chuyen-tinh-cap-song-sinh-phan-1
/chuyen-tinh-cap-song-sinh-phan-1
/moi-tinh-doc-nhat
/moi-tinh-doc-nhat
/con-tau-khong-gian
/con-tau-khong-gian
/kitsune-no-koe-ho-ly-va-khong-tuoc
/kitsune-no-koe-ho-ly-va-khong-tuoc
/ban-tinh-ca-buon-cua-mua-dong
/ban-tinh-ca-buon-cua-mua-dong
/tuoi-12-trai-tim-be-nho-loan-nhip
/tuoi-12-trai-tim-be-nho-loan-nhip
/
/tuoi-tre-hao-hoa
/tuoi-tre-hao-hoa
/vo-dai-cua-tinh-ban
/vo-dai-cua-tinh-ban
/biet-doi-diep-vien
/biet-doi-diep-vien
/ingress-the-gioi-ao
/ingress-the-gioi-ao
/buoc-chay-thanh-xuan
/buoc-chay-thanh-xuan
/nhung-chang-cung-thu-tre
/nhung-chang-cung-thu-tre
/chu-xuong-ban-sach
/chu-xuong-ban-sach
/cam-giac-khi-yeu
/cam-giac-khi-yeu
/merc-storia-anh-chang-vo-cam-va-co-be-trong-chiec-lo-thuy-tinh
/merc-storia-anh-chang-vo-cam-va-co-be-trong-chiec-lo-thuy-tinh
/ong-dua-thu
/ong-dua-thu
/cong-chua-banh-ngot
/cong-chua-banh-ngot
/hang-xom-cua-toi-la-ma-ca-rong
/hang-xom-cua-toi-la-ma-ca-rong
/doi-co-vu-dang-yeu
/doi-co-vu-dang-yeu
/nu-cuoi-cua-su-co-gang
/nu-cuoi-cua-su-co-gang
/vung-dat-thay-ma
/vung-dat-thay-ma
/nha-co-5-nang-tien
/nha-co-5-nang-tien
/dau-bep-sieu-hang
/dau-bep-sieu-hang
/ssss-gridman
/ssss-gridman
/vung-dat-radiant
/vung-dat-radiant
/dung-si-diet-yeu-tinh
/dung-si-diet-yeu-tinh
/
/nang-juliet-cua-truong-noi-tru
/nang-juliet-cua-truong-noi-tru
/cam-thu-ma-thuat-phan-3
/cam-thu-ma-thuat-phan-3
/nghi-le-bi-an
/nghi-le-bi-an
/fairy-tail-final-hoi-phap-su-phan-cuoi
/fairy-tail-final-hoi-phap-su-phan-cuoi
/hay-to-mau-the-gioi-ngay-mai
/hay-to-mau-the-gioi-ngay-mai
/dao-kiem-than-vuc-du-an-alicization
/dao-kiem-than-vuc-du-an-alicization
/hoi-chung-tuoi-teen-va-co-gai-co-doi-tai-tho
/hoi-chung-tuoi-teen-va-co-gai-co-doi-tai-tho
/cuc-dieu-tra-sieu-nhien
/cuc-dieu-tra-sieu-nhien
/luc-do-toi-da-chuyen-sinh-thanh-slime
/luc-do-toi-da-chuyen-sinh-thanh-slime
/ngay-phan-xet-vong-tai-sinh
/ngay-phan-xet-vong-tai-sinh
/cardfight-vanguard-the-bai-chien-quan-doan-tien-phong
/cardfight-vanguard-the-bai-chien-quan-doan-tien-phong
/cham-nam-si
/cham-nam-si
/nhung-co-nang-tiec-tung
/nhung-co-nang-tiec-tung
/nha-hang-ristorante-paradiso
/nha-hang-ristorante-paradiso
/co-gai-mat-dao
/co-gai-mat-dao
/vo-si-baki-2018
/vo-si-baki-2018
/du-hoc-o-the-gioi-moi
/du-hoc-o-the-gioi-moi
/nhung-linh-hon-trong-do-vat
/nhung-linh-hon-trong-do-vat
/vu-tru-phai-mau-monster-strike
/vu-tru-phai-mau-monster-strike
/uoc-mo-vuon-toi-mot-ngoi-sao
/uoc-mo-vuon-toi-mot-ngoi-sao
/
/thoa-dam-me-phan-3
/thoa-dam-me-phan-3
/co-nang-bat-bai
/co-nang-bat-bai
/hong-lien-vuong
/hong-lien-vuong
/tho-san-quy
/tho-san-quy
/nguyen-mong-truyen-ky-khang-chien
/nguyen-mong-truyen-ky-khang-chien
/song-nhan-tru-dao
/song-nhan-tru-dao
/am-kich-6
/am-kich-6
/tham-tu-sherlock-holmes-tai-kyoto
/tham-tu-sherlock-holmes-tai-kyoto
/nhung-co-gai-trong-the-gioi-am-nhac
/nhung-co-gai-trong-the-gioi-am-nhac
/lac-vao-the-gioi-game-phan-3
/lac-vao-the-gioi-game-phan-3
/khi-cac-te-bao-lam-viec
/khi-cac-te-bao-lam-viec
/bo-ba-dien-sau
/bo-ba-dien-sau
/100-hoang-tu-trong-the-gioi-giac-mo
/100-hoang-tu-trong-the-gioi-giac-mo
/thien-than-chet-choc
/thien-than-chet-choc
/con-duong-den-truong-cua-chio
/con-duong-den-truong-cua-chio
/bay-giac-quan-cua-subaru
/bay-giac-quan-cua-subaru
/truyen-thuyet-dao-tinh
/truyen-thuyet-dao-tinh
/bi-mat-bong-toi
/bi-mat-bong-toi
/cong-chua-truong-trung-hoc
/cong-chua-truong-trung-hoc
/than-tuong-am-nhac-side-m
/than-tuong-am-nhac-side-m
/
/xuyen-khong-tuu-lau
/xuyen-khong-tuu-lau
/the-gioi-sup-do
/the-gioi-sup-do
/the-gioi-chi-co-thanh-than-biet-phan-3
/the-gioi-chi-co-thanh-than-biet-phan-3
/ban-trai-toi-la-tsundere
/ban-trai-toi-la-tsundere
/phong-tra-rokuhoudou
/phong-tra-rokuhoudou
/nhung-chang-quan-gia-cau-chuyen-thien-nien-ky
/nhung-chang-quan-gia-cau-chuyen-thien-nien-ky
/ky-tuc-xa-sac-mau
/ky-tuc-xa-sac-mau
/quan-tro-bach-quy
/quan-tro-bach-quy
/gia-toc-ky-di
/gia-toc-ky-di
/that-kho-de-yeu-mot-otaku
/that-kho-de-yeu-mot-otaku
/bao-chua-caligula
/bao-chua-caligula
/du-an-nam-than-tuong
/du-an-nam-than-tuong
/nhat-ky-alice
/nhat-ky-alice
/steins-gate-zero-nghich-loan-thoi-khong
/steins-gate-zero-nghich-loan-thoi-khong
/persona-5-tro-choi-dinh-cao
/persona-5-tro-choi-dinh-cao
/hoc-vien-anh-hung-3
/hoc-vien-anh-hung-3
/chuyen-tinh-cua-tada
/chuyen-tinh-cua-tada
/giac-mo-san-co-2018
/giac-mo-san-co-2018
/co-nang-sieu-nang-luc-va-anh-chang-yakuza
/co-nang-sieu-nang-luc-va-anh-chang-yakuza
/dao-kiem-than-vuc-the-gioi-khac
/dao-kiem-than-vuc-the-gioi-khac
/
/ban-gai-3d
/ban-gai-3d
/nga-quy-vung-tokyo-re
/nga-quy-vung-tokyo-re
/cuoc-dua-dang-yeu
/cuoc-dua-dang-yeu
/hoach-dinh-ousai
/hoach-dinh-ousai
/noi-buon-cua-suzumiya-haruhi
/noi-buon-cua-suzumiya-haruhi
/diamond-no-ace-doi-bong-chay-sieu-dang
/diamond-no-ace-doi-bong-chay-sieu-dang
/nhung-chang-hoang-tu-ky-la
/nhung-chang-hoang-tu-ky-la
/cham-toi-chen-thanh
/cham-toi-chen-thanh
/bao-mau-xac-uop
/bao-mau-xac-uop
/dut-diem
/dut-diem
/giam-ho-bac-phan-2
/giam-ho-bac-phan-2
/loi-the-nguyen-vinh-cuu
/loi-the-nguyen-vinh-cuu
/sieu-nang-luc-gia-phan-2
/sieu-nang-luc-gia-phan-2
/co-vo-bom-ruou
/co-vo-bom-ruou
/bang-phong-than-2018
/bang-phong-than-2018
/tinh-yeu-nhu-bau-troi-sau-con-mua
/tinh-yeu-nhu-bau-troi-sau-con-mua
/that-hinh-dai-toi-phan-2
/that-hinh-dai-toi-phan-2
/nhung-cau-chuyen-kinh-di-cua-ito
/nhung-cau-chuyen-kinh-di-cua-ito
/the-gioi-ngam
/the-gioi-ngam
/chien-tran-nguoi-may
/chien-tran-nguoi-may
/
/nhung-co-nhoc-ti-hon
/nhung-co-nhoc-ti-hon
/the-gioi-khac-cuong-tuong-khuc
/the-gioi-khac-cuong-tuong-khuc
/sieu-viet
/sieu-viet
/bup-be-ky-uc-violet-evergarden
/bup-be-ky-uc-violet-evergarden
/vi-than-tinh-yeu-socola
/vi-than-tinh-yeu-socola
/nguoi-ke-vi
/nguoi-ke-vi
/tan-tay-du-ky-anime
/tan-tay-du-ky-anime
/nhung-chang-trai-sanrio
/nhung-chang-trai-sanrio
/karakai-jouzu-no-takagi-san-tro-dua-dang-yeu
/karakai-jouzu-no-takagi-san-tro-dua-dang-yeu
/kien-tuong-co-shougi-do-de
/kien-tuong-co-shougi-do-de
/dao-su-vu-nu
/dao-su-vu-nu
/linh-hon-bac-hoi-silver-soul
/linh-hon-bac-hoi-silver-soul
/anh-chang-bao-mau-gakuen-babysitters
/anh-chang-bao-mau-gakuen-babysitters
/khoi-dau-chua-bao-gio-la-qua-muon
/khoi-dau-chua-bao-gio-la-qua-muon
/co-nang-ghien-ramen
/co-nang-ghien-ramen
/tho-giua-lung-chung-nui-phu-si
/tho-giua-lung-chung-nui-phu-si
/bua-an-hom-nay-cho-gia-dinh-emiya
/bua-an-hom-nay-cho-gia-dinh-emiya
/lac-vao-the-gioi-game-phan-2
/lac-vao-the-gioi-game-phan-2
/vo-si-quyen-anh-ippo
/vo-si-quyen-anh-ippo
/10-cm-tinh-yeu
/10-cm-tinh-yeu
/
/nhung-dua-tre-dot-bien
/nhung-dua-tre-dot-bien
/hoang-tu-stride
/hoang-tu-stride
/nhung-co-gai-hoang-da
/nhung-co-gai-hoang-da
/moi-tinh-trong-sang
/moi-tinh-trong-sang
/to-chuc-sieu-anh-hung
/to-chuc-sieu-anh-hung
/hoi-nghien-cuu-anime
/hoi-nghien-cuu-anime
/nhung-co-hau-ban-dang-yeu
/nhung-co-hau-ban-dang-yeu
/o-ben-ngoai-co-gi-ngoai-cat
/o-ben-ngoai-co-gi-ngoai-cat
/bi-mat-cua-toi
/bi-mat-cua-toi
/truong-hoc-va-cuoc-song
/truong-hoc-va-cuoc-song
/do-sung-khong
/do-sung-khong
/hoa-bo-cong-anh-o-thanh-pho-lau-dai
/hoa-bo-cong-anh-o-thanh-pho-lau-dai
/van-menh-hoang-quyen
/van-menh-hoang-quyen
/nap-me-hach-tam
/nap-me-hach-tam
/toc-hai-bim
/toc-hai-bim
/truong-hoc-kiem-va-phep-thuat
/truong-hoc-kiem-va-phep-thuat
/buoc-ngoac-quan-trong
/buoc-ngoac-quan-trong
/quan-cafe-tho
/quan-cafe-tho
/ten-ngoc-nobunaga
/ten-ngoc-nobunaga
/cong-ty-bung-no
/cong-ty-bung-no
/
/su-lua-chon-cua-toi
/su-lua-chon-cua-toi
/cho-va-nguoi-dung-keo
/cho-va-nguoi-dung-keo
/nhan-vien-va-dich-vu
/nhan-vien-va-dich-vu
/chu-nhat-khong-co-duc-chua-troi
/chu-nhat-khong-co-duc-chua-troi
/phu-ta-diem-vuong-phan-2
/phu-ta-diem-vuong-phan-2
/hoc-vien-tuyet-vong
/hoc-vien-tuyet-vong
/vuong-quoc-cua-bao-thach
/vuong-quoc-cua-bao-thach
/ma-gioi-ky-si-tuyen-bien-mat
/ma-gioi-ky-si-tuyen-bien-mat
/cuoc-hanh-trinh-cua-kino
/cuoc-hanh-trinh-cua-kino
/phong-thi-nghiem-tinh-yeu
/phong-thi-nghiem-tinh-yeu
/thieu-nu-den-tu-dia-nguc-phan-4
/thieu-nu-den-tu-dia-nguc-phan-4
/nguoi-hung-cuoi-cung
/nguoi-hung-cuoi-cung
/ky-thu-shougi-phan-2
/ky-thu-shougi-phan-2
/thieu-nu-den-tu-dia-nguc-phan-3
/thieu-nu-den-tu-dia-nguc-phan-3
/ngay-phan-xet
/ngay-phan-xet
/chien-huu-cua-toi
/chien-huu-cua-toi
/co-em-gai-hai-mat-phan-2
/co-em-gai-hai-mat-phan-2
/phu-ta-diem-vuong-phan-1
/phu-ta-diem-vuong-phan-1
/cong-ty-dao-tao-than-tuong
/cong-ty-dao-tao-than-tuong
/nhom-nhac-than-tuong-phan-2
/nhom-nhac-than-tuong-phan-2
/
/quy-ngai-osomatsu-phan-2
/quy-ngai-osomatsu-phan-2
/cong-chua-cua-su-tai-sinh
/cong-chua-cua-su-tai-sinh
/huyet-gioi-chien-tuyen-phan-2
/huyet-gioi-chien-tuyen-phan-2
/co-dau-cua-phap-su
/co-dau-cua-phap-su
/con-dieu-chua-noi
/con-dieu-chua-noi
/thieu-nu-den-tu-dia-nguc-phan-2
/thieu-nu-den-tu-dia-nguc-phan-2
/tro-choi-cua-vua
/tro-choi-cua-vua
/thien-anh-hung-ca
/thien-anh-hung-ca
/ket-noi-trai-tim
/ket-noi-trai-tim
/black-clover-the-gioi-phep-thuat
/black-clover-the-gioi-phep-thuat
/dai-chien-12-con-giap
/dai-chien-12-con-giap
/tham-hiem-gia-hang-dong-abyss
/tham-hiem-gia-hang-dong-abyss
/linh-hon-bac-hoi-porori
/linh-hon-bac-hoi-porori
/quy-ngai-osomatsu
/quy-ngai-osomatsu
/thieu-nu-den-tu-dia-nguc-phan-1
/thieu-nu-den-tu-dia-nguc-phan-1
/co-be-banh-gao-tamako-market
/co-be-banh-gao-tamako-market
/co-gai-mat-tri
/co-gai-mat-tri
/cuoc-song-o-truong-nam-sinh
/cuoc-song-o-truong-nam-sinh
/tan-the-gioi
/tan-the-gioi
/thi-quy
/thi-quy
/
/bach-quy-da-hanh
/bach-quy-da-hanh
/huyen-thoai-cac-anh-hung
/huyen-thoai-cac-anh-hung
/yuru-yuri
/yuru-yuri
/ky-thu-mat-chuoc
/ky-thu-mat-chuoc
/ky-nguyen-evol
/ky-nguyen-evol
/phai-lang-nghe-loi-ba-nghe-chua
/phai-lang-nghe-loi-ba-nghe-chua
/ac-quy-song-sot
/ac-quy-song-sot
/cau-lac-bo-gioi-viec
/cau-lac-bo-gioi-viec
/nhieu-loan-the-gioi
/nhieu-loan-the-gioi
/nu-than-nyaruko
/nu-than-nyaruko
/tam-tieu-thien-than
/tam-tieu-thien-than
/nhung-cau-chuyen-huyen-bi
/nhung-cau-chuyen-huyen-bi
/chien-binh-gundam-build-ky-tran
/chien-binh-gundam-build-ky-tran
/altair-bien-su-cua-cuoc-chien
/altair-bien-su-cua-cuoc-chien
/ke-thong-tri-thoi-gian
/ke-thong-tri-thoi-gian
/dai-sanh-khieu-vu
/dai-sanh-khieu-vu
/5-nu-diep-vu
/5-nu-diep-vu
/cau-lac-bo-nhay-cau
/cau-lac-bo-nhay-cau
/chao-mung-toi-lop-hoc-biet-tuot
/chao-mung-toi-lop-hoc-biet-tuot
/cua-hang-tien-dung-va-nhung-chuyen-tinh
/cua-hang-tien-dung-va-nhung-chuyen-tinh
/
/cau-lac-bo-game-thu
/cau-lac-bo-game-thu
/nhung-co-gai-o-ky-tuc-sakura
/nhung-co-gai-o-ky-tuc-sakura
/den-the-gioi-moi-voi-smartphone
/den-the-gioi-moi-voi-smartphone
/ong-hoang-giai-do
/ong-hoang-giai-do
/cuoc-song-cua-nang-nhan-ma
/cuoc-song-cua-nang-nhan-ma
/co-nang-ngoc-nghech
/co-nang-ngoc-nghech
/quan-nhau-di-gioi
/quan-nhau-di-gioi
/thien-tai-sach-se
/thien-tai-sach-se
/can-ho-ma-quai
/can-ho-ma-quai
/nhiet-huyet-tuoi-tre
/nhiet-huyet-tuoi-tre
/dao-kiem-loan-vu-2017
/dao-kiem-loan-vu-2017
/am-kich-5
/am-kich-5
/dau-gia-va-phap-khi-gioi
/dau-gia-va-phap-khi-gioi
/cuoc-chien-chen-thanh-nguy-thu
/cuoc-chien-chen-thanh-nguy-thu
/can-phong
/can-phong
/ham-nguc-toi-2-thanh-guom-oratoria
/ham-nguc-toi-2-thanh-guom-oratoria
/co-nang-hinako
/co-nang-hinako
/toi-cho-doi-giay-phut-em-yeu-toi-movie
/toi-cho-doi-giay-phut-em-yeu-toi-movie
/shuumatsu-nani-shitemasu-ka-isogashii-desu-ka-sukutte-moratte-ii-desu-ka
/shuumatsu-nani-shitemasu-ka-isogashii-desu-ka-sukutte-moratte-ii-desu-ka
/canh-gioi-luan-hoi-3
/canh-gioi-luan-hoi-3
/
/hiep-si-lon
/hiep-si-lon
/fruits-basket
/fruits-basket
/shaman-king-vua-phap-thuat
/shaman-king-vua-phap-thuat
/vua-cau-ca-phan-1
/vua-cau-ca-phan-1
/chi-s-sweet-home
/chi-s-sweet-home
/sakura-thu-linh-the-bai
/sakura-thu-linh-the-bai
/the-money-of-soul-and-possibility-control
/the-money-of-soul-and-possibility-control
/itazura-na-kiss-nu-hon-tinh-nghich
/itazura-na-kiss-nu-hon-tinh-nghich
/yu-yu-hakusho-nhat-duong-chi
/yu-yu-hakusho-nhat-duong-chi
/magic-kaito-sieu-trom-kid
/magic-kaito-sieu-trom-kid
/truyen-nhan-cuu-vy-ho
/truyen-nhan-cuu-vy-ho
/hayate-no-gotoku-chang-quan-gia
/hayate-no-gotoku-chang-quan-gia
/cong-chua-ori
/cong-chua-ori
/fullmetal-alchemist-brotherhood
/fullmetal-alchemist-brotherhood
/honey-amp-clover
/honey-amp-clover
/touch-tam-voi
/touch-tam-voi
/tho-san-ti-hon-2011
/tho-san-ti-hon-2011
/mat-na-thuy-tinh-glass-mask
/mat-na-thuy-tinh-glass-mask
/co-giao-gang-to-gokusen
/co-giao-gang-to-gokusen
/hoi-phap-su-phan-1
/hoi-phap-su-phan-1
/
/truyen-nhan-cuu-vy-ho-phan-2
/truyen-nhan-cuu-vy-ho-phan-2
/inazuma-eleven-doi-bong-da-trung-hoc-raimon
/inazuma-eleven-doi-bong-da-trung-hoc-raimon
/mobile-suit-gundam-00
/mobile-suit-gundam-00
/mobile-suit-gundam-00-2nd-season
/mobile-suit-gundam-00-2nd-season
/fate-zero
/fate-zero
/hanasaku-iroha
/hanasaku-iroha
/cuoc-hen-song-con-date-a-live
/cuoc-hen-song-con-date-a-live
/infinite-stratos
/infinite-stratos
/acchi-kocchi
/acchi-kocchi
/kuroko-no-basket-tuyen-thu-vo-hinh
/kuroko-no-basket-tuyen-thu-vo-hinh
/clannad
/clannad
/btoom
/btoom
/skip-beat-anime
/skip-beat-anime
/dao-kiem-than-vuc-phan-1
/dao-kiem-than-vuc-phan-1
/beelzebub
/beelzebub
/baka-to-test-to-shoukanjuu
/baka-to-test-to-shoukanjuu
/angel-beats
/angel-beats
/ore-no-kanojo-to-osananajimi-ga-shurabasugiru
/ore-no-kanojo-to-osananajimi-ga-shurabasugiru
/red-data-girl
/red-data-girl
/future-boy-conan
/future-boy-conan
/
/mot-nua-ranma
/mot-nua-ranma
/baka-to-test-to-shoukanjuu-ni
/baka-to-test-to-shoukanjuu-ni
/chibi-devi
/chibi-devi
/hyouka
/hyouka
/binbougami-ga
/binbougami-ga
/to-aru-kagaku-no-railgun
/to-aru-kagaku-no-railgun
/oda-nobuna-no-yabou
/oda-nobuna-no-yabou
/to-aru-kagaku-no-railgun-s
/to-aru-kagaku-no-railgun-s
/another
/another
/brothers-conflict
/brothers-conflict
/white-album-2
/white-album-2
/ore-no-imouto-ga-konna-ni-kawaii-wake-ga-nai-season-1
/ore-no-imouto-ga-konna-ni-kawaii-wake-ga-nai-season-1
/ore-no-imouto-ga-konna-ni-kawaii-wake-ga-nai-seaon-2
/ore-no-imouto-ga-konna-ni-kawaii-wake-ga-nai-seaon-2
/hataraku-maou-sama-the-devil-is-a-part-timer
/hataraku-maou-sama-the-devil-is-a-part-timer
/love-live-school-idol-project
/love-live-school-idol-project
/thoa-dam-me-free
/thoa-dam-me-free
/psycho-pass
/psycho-pass
/girls-und-panzer
/girls-und-panzer
/suisei-no-gargantia
/suisei-no-gargantia
/nisekoi-false-love
/nisekoi-false-love
/
/jojo-no-kimyou-na-bouken-cuoc-phieu-luu-bi-an
/jojo-no-kimyou-na-bouken-cuoc-phieu-luu-bi-an
/ginga-kikotai-majestic-prince
/ginga-kikotai-majestic-prince
/kuroko-no-basket-season-2-tuyen-thu-vo-hinh-phan-2
/kuroko-no-basket-season-2-tuyen-thu-vo-hinh-phan-2
/code-geass-hangyaku-no-lelouch
/code-geass-hangyaku-no-lelouch
/d-frag
/d-frag
/clannad-after-story
/clannad-after-story
/inari-konkon-koi-iroha
/inari-konkon-koi-iroha
/golden-time
/golden-time
/steins-gate
/steins-gate
/code-geass-hangyaku-no-lelouch-r2
/code-geass-hangyaku-no-lelouch-r2
/accel-world
/accel-world
/chihayafuru-season-1
/chihayafuru-season-1
/cowboy-bebop
/cowboy-bebop
/ao-no-exorcist
/ao-no-exorcist
/mushishi
/mushishi
/mikakunin-de-shinkoukei
/mikakunin-de-shinkoukei
/buddy-complex
/buddy-complex
/chihayafuru-season-2
/chihayafuru-season-2
/kill-la-kill
/kill-la-kill
/nhung-dua-con-cua-bien-nagi-no-asukara
/nhung-dua-con-cua-bien-nagi-no-asukara
/
/love-live-school-idol-project-season-2
/love-live-school-idol-project-season-2
/amagami-ss
/amagami-ss
/chrome-shelled-regios
/chrome-shelled-regios
/mekakucity-actors
/mekakucity-actors
/tonari-no-seki-kun
/tonari-no-seki-kun
/hoi-phap-su-phan-2
/hoi-phap-su-phan-2
/black-bullet
/black-bullet
/hitsugi-no-chaika
/hitsugi-no-chaika
/gokukoku-no-brynhildr
/gokukoku-no-brynhildr
/cuoc-hen-song-con-2-date-a-live-ii
/cuoc-hen-song-con-2-date-a-live-ii
/bokura-wa-minna-kawaisou
/bokura-wa-minna-kawaisou
/ryuugajou-nanana-no-maizoukin
/ryuugajou-nanana-no-maizoukin
/hamatora
/hamatora
/amagami-ss-plus
/amagami-ss-plus
/blood-lad
/blood-lad
/vua-bong-chuyen-haikyuu-phan-1
/vua-bong-chuyen-haikyuu-phan-1
/hac-quan-gia-kuroshitsuji
/hac-quan-gia-kuroshitsuji
/break-blade-tv
/break-blade-tv
/log-horizon
/log-horizon
/hac-quan-gia-ii-kuroshitsuji-ii
/hac-quan-gia-ii-kuroshitsuji-ii
/
/silver-spoon-gin-no-saji
/silver-spoon-gin-no-saji
/magical-warfare-mahou-sensou
/magical-warfare-mahou-sensou
/chen-thanh-fate-kaleid-liner-prisma-illya
/chen-thanh-fate-kaleid-liner-prisma-illya
/usagi-drop
/usagi-drop
/my-teen-romantic-comedy-snafu
/my-teen-romantic-comedy-snafu
/guilty-crown
/guilty-crown
/gundam-build-fighters
/gundam-build-fighters
/akuma-no-riddle
/akuma-no-riddle
/kakumeiki-valvrave
/kakumeiki-valvrave
/kakumeiki-valvrave-2nd-season
/kakumeiki-valvrave-2nd-season
/infinite-stratos-2
/infinite-stratos-2
/dao-kiem-than-vuc-phan-2
/dao-kiem-than-vuc-phan-2
/nga-quy-vung-tokyo
/nga-quy-vung-tokyo
/magi-bac-thay-phap-thuat
/magi-bac-thay-phap-thuat
/sacred-seven
/sacred-seven
/glasslip
/glasslip
/ao-haru-ride-con-duong-mua-xuan
/ao-haru-ride-con-duong-mua-xuan
/blood-c
/blood-c
/rail-wars
/rail-wars
/hoa-tinh-dai-chien-dia-cau-aldnoah-zero
/hoa-tinh-dai-chien-dia-cau-aldnoah-zero
/
/dramatical-murder
/dramatical-murder
/barakamon
/barakamon
/am-kich-2
/am-kich-2
/thoa-dam-me-phan-2
/thoa-dam-me-phan-2
/am-kich
/am-kich
/chen-thanh-phan-2-fate-kaleid-liner-prisma-illya-2wei
/chen-thanh-phan-2-fate-kaleid-liner-prisma-illya-2wei
/zankyou-no-terror
/zankyou-no-terror
/kaichou-wa-maid-sama
/kaichou-wa-maid-sama
/xxxholic
/xxxholic
/re-hamatora
/re-hamatora
/xxxholic-kei
/xxxholic-kei
/chuunibyou-demo-koi-ga-shitai
/chuunibyou-demo-koi-ga-shitai
/choujigen-game-neptune-the-animation
/choujigen-game-neptune-the-animation
/gekkan-shoujo-nozaki-kun
/gekkan-shoujo-nozaki-kun
/truong-hoc-phap-thuat
/truong-hoc-phap-thuat
/gosick
/gosick
/rokujouma-no-shinryakusha
/rokujouma-no-shinryakusha
/sabagebu
/sabagebu
/hac-quan-gia-iii-kuroshitsuji-book-of-circus
/hac-quan-gia-iii-kuroshitsuji-book-of-circus
/chuunibyou-demo-koi-ga-shitai-ren
/chuunibyou-demo-koi-ga-shitai-ren
/
/the-gioi-chi-co-thanh-than-biet-phan-1
/the-gioi-chi-co-thanh-than-biet-phan-1
/terra-formars
/terra-formars
/the-gioi-chi-co-thanh-than-biet-phan-2
/the-gioi-chi-co-thanh-than-biet-phan-2
/otome-youkai-zakuro
/otome-youkai-zakuro
/tonari-no-kaibutsu-kun
/tonari-no-kaibutsu-kun
/katanagatari-dao-ngu
/katanagatari-dao-ngu
/lien-minh-tam-gioi-phan-1
/lien-minh-tam-gioi-phan-1
/fate-stay-night-unlimited-blade-works
/fate-stay-night-unlimited-blade-works
/magi-the-labyrinth-of-magic
/magi-the-labyrinth-of-magic
/noragami
/noragami
/loi-noi-doi-thang-tu
/loi-noi-doi-thang-tu
/lang-nu-va-hoang-tu-hac-am-ookami-shoujo-to-kuro-ouji
/lang-nu-va-hoang-tu-hac-am-ookami-shoujo-to-kuro-ouji
/cross-ange-tenshi-to-ryuu-no-rondo
/cross-ange-tenshi-to-ryuu-no-rondo
/madan-no-ou-to-vanadis
/madan-no-ou-to-vanadis
/orenchi-no-furo-jijou
/orenchi-no-furo-jijou
/garo-honoo-no-kokuin
/garo-honoo-no-kokuin
/that-hinh-dai-toi
/that-hinh-dai-toi
/tasogare-otome-x-amnesia
/tasogare-otome-x-amnesia
/log-horizon-season-2
/log-horizon-season-2
/akatsuki-no-yona
/akatsuki-no-yona
/
/inou-battle-wa-nichijou-kei-no-naka-de
/inou-battle-wa-nichijou-kei-no-naka-de
/amagi-brilliant-park
/amagi-brilliant-park
/hitsugi-no-chaika-avenging-battle
/hitsugi-no-chaika-avenging-battle
/trinity-seven
/trinity-seven
/kiseijuu-sei-no-kakuritsu
/kiseijuu-sei-no-kakuritsu
/ushinawareta-mirai-wo-motomete
/ushinawareta-mirai-wo-motomete
/gugure-kokkuri-san
/gugure-kokkuri-san
/psycho-pass-2
/psycho-pass-2
/gundam-build-fighters-try
/gundam-build-fighters-try
/grisaia-no-kajitsu
/grisaia-no-kajitsu
/daitoshokan-no-hitsujikai
/daitoshokan-no-hitsujikai
/gui-den-ban-hien-kimi-ni-todoke
/gui-den-ban-hien-kimi-ni-todoke
/gui-den-ban-hien-2-kimi-ni-todoke-2
/gui-den-ban-hien-2-kimi-ni-todoke-2
/quan-an-vui-nhon-working
/quan-an-vui-nhon-working
/quan-an-vui-nhon-2-working-season-2
/quan-an-vui-nhon-2-working-season-2
/phu-thuy-thoi-dai-moi-witch-craft-works
/phu-thuy-thoi-dai-moi-witch-craft-works
/k-on
/k-on
/k-on-season-2
/k-on-season-2
/nga-quy-vung-tokyo-phan-2
/nga-quy-vung-tokyo-phan-2
/hoa-tinh-dai-chien-dia-cau-2-aldnoah-zero-2nd-season
/hoa-tinh-dai-chien-dia-cau-2-aldnoah-zero-2nd-season
/
/lop-hoc-sat-thu-phan-1
/lop-hoc-sat-thu-phan-1
/binh-tu-duyet-death-parade
/binh-tu-duyet-death-parade
/durarara
/durarara
/durarara-x2-shou
/durarara-x2-shou
/nichijou
/nichijou
/linh-hon-bac
/linh-hon-bac
/kuroko-no-basket-season-3-tuyen-thu-vo-hinh-phan-3
/kuroko-no-basket-season-3-tuyen-thu-vo-hinh-phan-3
/the-idolm-ster-cinderella-girls
/the-idolm-ster-cinderella-girls
/shirokuma-cafe
/shirokuma-cafe
/nodame-cantabile-season-1
/nodame-cantabile-season-1
/the-idolm-ster
/the-idolm-ster
/nodame-cantabile-finale-season-3
/nodame-cantabile-finale-season-3
/gyakkyou-burai-kaiji-ultimate-survivor
/gyakkyou-burai-kaiji-ultimate-survivor
/owari-no-seraph
/owari-no-seraph
/fate-stay-night-unlimited-blade-works-2nd-season
/fate-stay-night-unlimited-blade-works-2nd-season
/my-teen-romantic-comedy-snafu-season-2
/my-teen-romantic-comedy-snafu-season-2
/chien-ky-arslan-arslan-senki
/chien-ky-arslan-arslan-senki
/dungeon-ni-deai-wo-motomeru-no-wa-machigatteiru-darou-ka-ham-nguc-toi
/dungeon-ni-deai-wo-motomeru-no-wa-machigatteiru-darou-ka-ham-nguc-toi
/linh-hon-bac-2015
/linh-hon-bac-2015
/denpa-kyoushi
/denpa-kyoushi
/
/canh-gioi-luan-hoi-kyoukai-no-rinne
/canh-gioi-luan-hoi-kyoukai-no-rinne
/nisekoi-season-2
/nisekoi-season-2
/uta-no-prince-sama-maji-love-1000
/uta-no-prince-sama-maji-love-1000
/yamada-kun-to-7-nin-no-majo
/yamada-kun-to-7-nin-no-majo
/huyet-gioi-chien-tuyen-phan-1
/huyet-gioi-chien-tuyen-phan-1
/plastic-memories
/plastic-memories
/uta-no-prince-sama-maji-love-3
/uta-no-prince-sama-maji-love-3
/ore-monogatari
/ore-monogatari
/hibike-euphonium
/hibike-euphonium
/grisaia-no-rakuen
/grisaia-no-rakuen
/co-nang-phep-thuat
/co-nang-phep-thuat
/uta-no-prince-sama-maji-love-2000
/uta-no-prince-sama-maji-love-2000
/magic-kaito-1412
/magic-kaito-1412
/rozen-maiden-2013
/rozen-maiden-2013
/gangsta
/gangsta
/gate-jieitai-kanochi-nite-kaku-tatakaeri
/gate-jieitai-kanochi-nite-kaku-tatakaeri
/classroom-crisis
/classroom-crisis
/rokka-no-yuusha
/rokka-no-yuusha
/cau-be-than-giao-ushio-to-tora-tv
/cau-be-than-giao-ushio-to-tora-tv
/charlotte
/charlotte
/
/durarara-x2-ten
/durarara-x2-ten
/chaos-dragon-sekiryuu-seneki
/chaos-dragon-sekiryuu-seneki
/bach-tuyet-toc-do-akagami-no-shirayukihime
/bach-tuyet-toc-do-akagami-no-shirayukihime
/lac-vao-the-gioi-game-phan-1
/lac-vao-the-gioi-game-phan-1
/god-eater
/god-eater
/deadman-wonderland
/deadman-wonderland
/kuusen-madoushi-kouhosei-no-kyoukan
/kuusen-madoushi-kouhosei-no-kyoukan
/ranpo-kitan-game-of-laplace
/ranpo-kitan-game-of-laplace
/battle-spirits-burning-soul
/battle-spirits-burning-soul
/quan-an-vui-nhon-3-working-season-3
/quan-an-vui-nhon-3-working-season-3
/chen-thanh-phan-3-fate-kaleid-liner-prisma-illya-2wei-herz
/chen-thanh-phan-3-fate-kaleid-liner-prisma-illya-2wei-herz
/rong-xanh-blue-dragon
/rong-xanh-blue-dragon
/lego-friends
/lego-friends
/lego-elves
/lego-elves
/baby-step-2
/baby-step-2
/bac-si-quai-di-young-black-jack
/bac-si-quai-di-young-black-jack
/vua-bong-chuyen-haikyuu-phan-2
/vua-bong-chuyen-haikyuu-phan-2
/noragami-aragoto
/noragami-aragoto
/heavy-object
/heavy-object
/utawarerumono-itsuwari-no-kamen
/utawarerumono-itsuwari-no-kamen
/
/k-return-of-kings
/k-return-of-kings
/owari-no-seraph-nagoya-kessen-hen
/owari-no-seraph-nagoya-kessen-hen
/one-punch-man
/one-punch-man
/shingeki-kyojin-chuugakkou
/shingeki-kyojin-chuugakkou
/mobile-suit-gundam-iron-blooded-orphans
/mobile-suit-gundam-iron-blooded-orphans
/k-project
/k-project
/hidan-no-aria-aa
/hidan-no-aria-aa
/dance-with-devils
/dance-with-devils
/sakurako-san-no-ashimoto-ni-wa-shitai-ga-umatteiru
/sakurako-san-no-ashimoto-ni-wa-shitai-ga-umatteiru
/tho-than-tap-su-kamisama-hajimemashita
/tho-than-tap-su-kamisama-hajimemashita
/tho-than-tap-su-phan-2-kamisama-hajimemashita-season-2
/tho-than-tap-su-phan-2-kamisama-hajimemashita-season-2
/say-i-love-you-sukitte-ii-na-yo
/say-i-love-you-sukitte-ii-na-yo
/haruta-amp-chika
/haruta-amp-chika
/lop-hoc-sat-thu-phan-2
/lop-hoc-sat-thu-phan-2
/boku-dake-ga-inai-machi
/boku-dake-ga-inai-machi
/phantasy-star-online-2
/phantasy-star-online-2
/divine-gate
/divine-gate
/gate-jieitai-kanochi-nite-kaku-tatakaeri-2nd-season
/gate-jieitai-kanochi-nite-kaku-tatakaeri-2nd-season
/musaigen-no-phantom-world
/musaigen-no-phantom-world
/tong-tien-huu-toa-linh-kiem-son
/tong-tien-huu-toa-linh-kiem-son
/
/luck-amp-logic
/luck-amp-logic
/cua-hang-keo-ngot
/cua-hang-keo-ngot
/am-kich-3
/am-kich-3
/dimension-w
/dimension-w
/schwarzesmarken
/schwarzesmarken
/hai-to-gensou-no-grimgar
/hai-to-gensou-no-grimgar
/bach-tuyet-toc-do-phan-2-akagami-no-shirayuki-hime-2nd-season
/bach-tuyet-toc-do-phan-2-akagami-no-shirayuki-hime-2nd-season
/su-gia-than-chet
/su-gia-than-chet
/ajin-a-nhan
/ajin-a-nhan
/durarara-x2-ketsu
/durarara-x2-ketsu
/sac-cau-vong-nijiiro-days
/sac-cau-vong-nijiiro-days
/tinh-yeu-hoc-tro-bokura-ga-ita
/tinh-yeu-hoc-tro-bokura-ga-ita
/nana
/nana
/buc-tuong-hoa-yamato-nadeshiko-shichi-henge
/buc-tuong-hoa-yamato-nadeshiko-shichi-henge
/cuoc-hen-song-con-movie-date-a-live-movie-mayuri-judgment
/cuoc-hen-song-con-movie-date-a-live-movie-mayuri-judgment
/ao-no-kanata-no-four-rhythm
/ao-no-kanata-no-four-rhythm
/tinh-yeu-ngang-trai-2-diabolik-lovers-more-blood
/tinh-yeu-ngang-trai-2-diabolik-lovers-more-blood
/tinh-yeu-ngang-trai-diabolik-lovers-season-1
/tinh-yeu-ngang-trai-diabolik-lovers-season-1
/sieu-nhan-perman
/sieu-nhan-perman
/h2
/h2
/
/khuyen-da-xoa
/khuyen-da-xoa
/tho-than-tap-su-ova
/tho-than-tap-su-ova
/hoang-tu-tennis
/hoang-tu-tennis
/tiem-banh-hanh-phuc
/tiem-banh-hanh-phuc
/co-be-toc-do-akage-no-anne
/co-be-toc-do-akage-no-anne
/luat-su-at-chu-bai-gyakuten-saiban-sono-shinjitsu-igi-ari
/luat-su-at-chu-bai-gyakuten-saiban-sono-shinjitsu-igi-ari
/hiep-si-tre-endride
/hiep-si-tre-endride
/hoc-vien-anh-hung
/hoc-vien-anh-hung
/re-zero-kara-hajimeru-isekai-seikatsu
/re-zero-kara-hajimeru-isekai-seikatsu
/macross
/macross
/con-duong-hiep-nghia-seisen-cerberus-ryuukoku-no-fatalite
/con-duong-hiep-nghia-seisen-cerberus-ryuukoku-no-fatalite
/song-tinh-diet-quy-su-sousei-no-onmyouji
/song-tinh-diet-quy-su-sousei-no-onmyouji
/cau-be-than-giao-2-ushio-to-tora-tv-2nd-season
/cau-be-than-giao-2-ushio-to-tora-tv-2nd-season
/canh-gioi-luan-hoi-2-kyoukai-no-rinne-2nd-season
/canh-gioi-luan-hoi-2-kyoukai-no-rinne-2nd-season
/lien-minh-hoa-binh-kiznaiver
/lien-minh-hoa-binh-kiznaiver
/phu-thuy-dang-yeu-flying-witch
/phu-thuy-dang-yeu-flying-witch
/shounen-maid
/shounen-maid
/gia-vi-va-soi-spice-and-wolf
/gia-vi-va-soi-spice-and-wolf
/thanh-hoan-hao-sakamoto-sakamoto-desu-ga
/thanh-hoan-hao-sakamoto-sakamoto-desu-ga
/dac-nhiem-tham-tu-phan-1
/dac-nhiem-tham-tu-phan-1
/
/bac-si-quai-di-black-jack-21
/bac-si-quai-di-black-jack-21
/thiet-giap-chi-thanh-koutetsujou-no-kabaneri
/thiet-giap-chi-thanh-koutetsujou-no-kabaneri
/hoang-tu-tennis-phan-2
/hoang-tu-tennis-phan-2
/gia-vi-va-soi-ii-spice-and-wolf-ii
/gia-vi-va-soi-ii-spice-and-wolf-ii
/hoang-tu-tennis-chung-ket-toan-quoc
/hoang-tu-tennis-chung-ket-toan-quoc
/hoa-hong-vec-xay-rose-of-versailles
/hoa-hong-vec-xay-rose-of-versailles
/samurai-lap-di-kuromukuro
/samurai-lap-di-kuromukuro
/sinbad-phieu-luu-ky-magi-sinbad-no-bouken-tv
/sinbad-phieu-luu-ky-magi-sinbad-no-bouken-tv
/tinh-yeu-hoc-duong-momokuri
/tinh-yeu-hoc-duong-momokuri
/yeu-ma-trang-inu-x-boku-ss
/yeu-ma-trang-inu-x-boku-ss
/cap-mat-sat-thu-toradora
/cap-mat-sat-thu-toradora
/chien-quoc-basara-sengoku-basara
/chien-quoc-basara-sengoku-basara
/ki-thu-co-vay-hikaru-no-go
/ki-thu-co-vay-hikaru-no-go
/cung-dan-vang-la-corda-d-oro-primo-passo
/cung-dan-vang-la-corda-d-oro-primo-passo
/huyet-ma-nhan-jie-mo-ren
/huyet-ma-nhan-jie-mo-ren
/cung-dan-vang-2-la-corda-d-oro-bluesky
/cung-dan-vang-2-la-corda-d-oro-bluesky
/ma-quy-cung-phai-khoc-devil-may-cry
/ma-quy-cung-phai-khoc-devil-may-cry
/lang-khach-kenshin-rurouni-kenshin
/lang-khach-kenshin-rurouni-kenshin
/ky-tich-mau-cam
/ky-tich-mau-cam
/91-ngay
/91-ngay
/
/bua-com-gia-dinh-amaama-to-inazuma
/bua-com-gia-dinh-amaama-to-inazuma
/fukigen-na-mononokean
/fukigen-na-mononokean
/nhom-nhac-than-tuong-phan-1
/nhom-nhac-than-tuong-phan-1
/rewrite
/rewrite
/hatsukoi-monster
/hatsukoi-monster
/vuot-ngoai-ranh-gioi-kyoukai-no-kanata
/vuot-ngoai-ranh-gioi-kyoukai-no-kanata
/huyen-thoai-zestiria-tales-of-zestiria-the-x
/huyen-thoai-zestiria-tales-of-zestiria-the-x
/hac-giao-doan-d-gray-man-hallow
/hac-giao-doan-d-gray-man-hallow
/cau-be-sieu-nang-luc-mob-psycho-100
/cau-be-sieu-nang-luc-mob-psycho-100
/days-tv
/days-tv
/an-chu-cam-taboo-tattoo
/an-chu-cam-taboo-tattoo
/chen-thanh-phan-4-fate-kaleid-liner-prisma-illya-3rei
/chen-thanh-phan-4-fate-kaleid-liner-prisma-illya-3rei
/danganronpa-3-the-end-of-kibougamine-gakuen-mirai-hen
/danganronpa-3-the-end-of-kibougamine-gakuen-mirai-hen
/handa-kun
/handa-kun
/cuoc-song-hoc-duong-cua-hu-nam-the-highschool-life-of-a-fudanshi
/cuoc-song-hoc-duong-cua-hu-nam-the-highschool-life-of-a-fudanshi
/rac-roi-o-cau-lac-bo-my-thuat-kono-bijutsubu-ni-wa-mondai-ga-aru
/rac-roi-o-cau-lac-bo-my-thuat-kono-bijutsubu-ni-wa-mondai-ga-aru
/ke-ngoai-dao-hitori-no-shita-the-outcast
/ke-ngoai-dao-hitori-no-shita-the-outcast
/cong-chua-sua-kuragehime
/cong-chua-sua-kuragehime
/tro-choi-xep-rong
/tro-choi-xep-rong
/b-project-zecchou-emotion-ke-hoach-b-cam-xuc-thang-hoa
/b-project-zecchou-emotion-ke-hoach-b-cam-xuc-thang-hoa
/
/ngon-lua-recca-flame-of-recca
/ngon-lua-recca-flame-of-recca
/www-working
/www-working
/shuumatsu-no-izetta
/shuumatsu-no-izetta
/dao-kiem-loan-vu
/dao-kiem-loan-vu
/mahou-shoujo-ikusei-keikaku
/mahou-shoujo-ikusei-keikaku
/mobile-suit-gundam-iron-blooded-orphans-2nd-season
/mobile-suit-gundam-iron-blooded-orphans-2nd-season
/trickster-edogawa-ranpo
/trickster-edogawa-ranpo
/nha-tu-nanba-phan-1
/nha-tu-nanba-phan-1
/em-da-yeu-anh-tu-rat-lau-movie
/em-da-yeu-anh-tu-rat-lau-movie
/dac-nhiem-tham-tu-phan-2
/dac-nhiem-tham-tu-phan-2
/to-be-hero
/to-be-hero
/khat-mau
/khat-mau
/vua-bong-chuyen-haikyuu-phan-3
/vua-bong-chuyen-haikyuu-phan-3
/ajin-2nd-season-a-nhan-phan-2
/ajin-2nd-season-a-nhan-phan-2
/nhung-ke-luu-dat
/nhung-ke-luu-dat
/hon-cau-ay-kia-dung-hon-toi-kiss-him-not-me
/hon-cau-ay-kia-dung-hon-toi-kiss-him-not-me
/ky-thu-shougi-phan-1
/ky-thu-shougi-phan-1
/udon-no-kuni-no-kiniro-kemari
/udon-no-kuni-no-kiniro-kemari
/vuot-qua-tat-ca
/vuot-qua-tat-ca
/tren-san-bang
/tren-san-bang
/
/hibike-euphonium-2
/hibike-euphonium-2
/huu-nhan-so-phan-5
/huu-nhan-so-phan-5
/my-nam-hoc-duong
/my-nam-hoc-duong
/huu-nhan-so-phan-1
/huu-nhan-so-phan-1
/uta-no-prince-sama-maji-love-legend-star
/uta-no-prince-sama-maji-love-legend-star
/huu-nhan-so-phan-2
/huu-nhan-so-phan-2
/huu-nhan-so-phan-3
/huu-nhan-so-phan-3
/huu-nhan-so-phan-4
/huu-nhan-so-phan-4
/sieu-nang-luc-gia-phan-1
/sieu-nang-luc-gia-phan-1
/co-em-gai-hai-mat
/co-em-gai-hai-mat
/co-em-gai-hai-mat-phan-dac-biet
/co-em-gai-hai-mat-phan-dac-biet
/doa-hoa-ngay-ay-anohana
/doa-hoa-ngay-ay-anohana
/tho-san-thanh-pho-phan-1
/tho-san-thanh-pho-phan-1
/elsword-el-lady
/elsword-el-lady
/koro-sensei-q
/koro-sensei-q
/nha-tu-nanba-phan-2
/nha-tu-nanba-phan-2
/masamune-bao-thu
/masamune-bao-thu
/lop-hoc-sat-thu-phan-2-kagaijugyou-hen
/lop-hoc-sat-thu-phan-2-kagaijugyou-hen
/huyen-thoai-zestiria-2-tales-of-zestiria-the-x-2nd-season
/huyen-thoai-zestiria-2-tales-of-zestiria-the-x-2nd-season
/eldlive
/eldlive
/
/hay-that-long
/hay-that-long
/chain-chronicle-haecceitas-no-hikari
/chain-chronicle-haecceitas-no-hikari
/spiritpact
/spiritpact
/ao-no-exorcist-kyoto-fujouou-hen
/ao-no-exorcist-kyoto-fujouou-hen
/linh-hon-bac-2017
/linh-hon-bac-2017
/gabriel-dropout
/gabriel-dropout
/hand-shakers
/hand-shakers
/pandora-hearts
/pandora-hearts
/mondaiji-tachi-ga-isekai-kara-kuru-sou-desu-yo
/mondaiji-tachi-ga-isekai-kara-kuru-sou-desu-yo
/lop-hoc-quai-di
/lop-hoc-quai-di
/rewrite-moon-and-terra
/rewrite-moon-and-terra
/am-kich-4
/am-kich-4
/marginal-4-kiss-kara-tsukuru-big-bang
/marginal-4-kiss-kara-tsukuru-big-bang
/granblue-fantasy-the-animation-the-gioi-bau-troi
/granblue-fantasy-the-animation-the-gioi-bau-troi
/truong-hoc-vui-nhon-phan-1
/truong-hoc-vui-nhon-phan-1
/co-rong-hau-gai-cua-kobayashi-san
/co-rong-hau-gai-cua-kobayashi-san
/sieu-du-the-gioi-ban-chat-thuc-tai
/sieu-du-the-gioi-ban-chat-thuc-tai
/hoc-vien-phu-thuy-nho
/hoc-vien-phu-thuy-nho
/kono-subarashii-sekai-ni-shukufuku-wo
/kono-subarashii-sekai-ni-shukufuku-wo
/em-se-cho-anh-trong-mua-he-ay
/em-se-cho-anh-trong-mua-he-ay
/
/ong-sao-va-chiec-cap-quai-deo-phan-1
/ong-sao-va-chiec-cap-quai-deo-phan-1
/nhat-ky-hinh-anh-youkai-cua-cau-be-kiitarou
/nhat-ky-hinh-anh-youkai-cua-cau-be-kiitarou
/hoc-vien-anh-hung-2
/hoc-vien-anh-hung-2
/giam-ho-bac
/giam-ho-bac
/tinh-ban-mot-tuan
/tinh-ban-mot-tuan
/nhung-cau-chuyen-kinh-di
/nhung-cau-chuyen-kinh-di
/nu-robot-vu-trang
/nu-robot-vu-trang
/ong-thay-vi-dieu
/ong-thay-vi-dieu
/truyen-nhan-cuu-vy-ho-phan-3
/truyen-nhan-cuu-vy-ho-phan-3
/hanh-tinh-dong-ho
/hanh-tinh-dong-ho
/chuyen-tinh-tuoi-thanh-xuan
/chuyen-tinh-tuoi-thanh-xuan
/juushin-enbu-hero-tales
/juushin-enbu-hero-tales
/dang-sang-tao
/dang-sang-tao
/lien-minh-tam-gioi-phan-2
/lien-minh-tam-gioi-phan-2
/ngu-kiem-xinh-dep
/ngu-kiem-xinh-dep
/quyen-sach-cua-zero
/quyen-sach-cua-zero
/gia-su-hoang-gia
/gia-su-hoang-gia
/tac-gia-dao-hoa
/tac-gia-dao-hoa
/huu-nhan-so-phan-6
/huu-nhan-so-phan-6
/anh-trai-toi-het-thuoc-chua-roi
/anh-trai-toi-het-thuoc-chua-roi
